"company_source_no","company_name","city","address","county","total_unfiltered_emissions","total_unfiltered_emissions_heavy_metals_only","total_emissions_rank_state","heavy_metals_emissions_rank_state","total_emissions_rank_mult_wash_clack","heavy_metals_emissions_rank_mult_wash_clack"
"21-0005","Georgia - Pacific Toledo LLC","Toledo","1400 SE Butler Bridge Rd, Toledo, 97391","Lincoln County",1693883.22157528,1295.88943440505,1,6,NA,NA
"04-0004","Georgia-Pacific Consumer Products LP","Clatskanie","92326 Taylorville Road, Clatskanie, 97016","Clatsop County",674919.583332532,1378.71366551906,2,5,NA,NA
"24-0136","City of Salem - Willow Lake WPCF","Salem","5915 Windsor Island Road Noarth, Salem, 97303","Marion County",260071.967241897,0.18400418082,3,220,NA,NA
"18-0013","Collins Products, LLC","Klamath Falls,","6410 Highway 66, Klamath Falls,, 97601","Klamath County",223672.184735659,6.00669034762247,4,87,NA,NA
"22-3501","Cascade Pacific Pulp, LLC","Halsey","30480 American Drive, Halsey, 97348","Linn County",204674.714373735,17.4232944,5,57,NA,NA
"18-0003","Klamath Energy, LLC","Klamath Falls","4940 Hwy 97 S, Klamath Falls, 97601","Klamath County",189411.079552688,6.208681572,6,83,NA,NA
"17-0046","MasterBrand Cabinets Grants Pass Operations","Grants Pass ","550 SE Mill Street, Grants Pass , 97526","Josephine County",170158.551791,0.19674,7,218,NA,NA
"10-0025","Roseburg Forest Products Dillard Complex","Dillard","10599 Old Highway 99 South, Dillard, 97432","Douglas County",163636.007972922,3.77783231983877,8,112,NA,NA
"05-2520","Beaver, Port Westward 1, Port Westward 2","Clatskanie","80997 and 81566 Kallunki Road, Clatskanie, 97016","Columbia County",130496.284314701,3.53644158236,9,116,NA,NA
"25-0031","Coyote Springs Plant","Boardman","200 Ullman Blvd., Boardman, 97818","Morrow County",93569.51606086,8.7667344,10,71,NA,NA
"25-0016","Boardman and Carty Generating Stations","Boardman","Tower Road, Boardman, 97818","Morrow County",87026.6926760539,191.53115701,11,18,NA,NA
"10-0078","Roseburg Forest Products Riddle Plywood","Riddle","3064 Cow Creek Road, Riddle, 97469","Douglas County",79283.8292543232,2.000294928,12,145,NA,NA
"06-0010","Roseburg Forest Products Coquille Plywood","Coquille","Cedar Point Road, Coquille, 97423","Coos County",71081.322381014,0.20736396,13,217,NA,NA
"22-0143","Flakeboard America Limited, Duraflake","Albany","2550 Old Salem Road NE, Albany, 97321","Linn County",60061.9609301275,8.88020234522662,14,70,NA,NA
"15-0004","Boise Cascade - Medford Plywood","Medford, OR","3285 N. Pacific Hwy, Medford, OR, 97501","Jackson County",53421.8245073584,205.212808287491,15,17,NA,NA
"10-0012","Douglas County Inc., DBA Douglas County Forest Products","Rosebur","398 Del Rio Rd., Rosebur, 97471","Douglas County",52041.8951827302,206.116156436108,16,16,NA,NA
"31-0002","Boise Cascade Wood Products, L.L.C., Particleboard","Island City, OR","62621 HWY 82, Island City, OR, 97850","Union County",51404.2176706988,1.48975253668908,17,153,NA,NA
"15-0025","Timber Products Co. Limited Partnership","Medford","25 E. McAndrews Road, Medford, 97501","Jackson County",44387.0113102782,5.374976148,18,94,NA,NA
"26-3009","Arclin Portland Division","Portland","2301 N Columbia Boulevard, Portland, 97217","Multnomah County",44086.102980849,10.23520176,19,67,1,29
"05-2085","Armstrong World Industries","St. Helens","1645 Railroad Avenue, St. Helens, 97051","Columbia County",43742.2885226383,0,20,NA,NA,NA
"22-6034","Georgia-Pacific Consumer Products LP - Halsey Mill","Halsey","30470 American drive, Halsey, 97348","Linn County",40942.3609354491,11.9933179220673,21,64,NA,NA
"17-0030","TP Grants Pass, LLC","Grants Pass","1090 SE M Street, Grants Pass, 97526","Josephine County",38340.906979224,21.36611886,22,47,NA,NA
"10-0013","Roseburg Forest Products Riddle Engineered Wood","Riddle","4500 Riddle Bypass Road, Riddle, 97469","Douglas County",36692.1170808353,11.8203083964,23,65,NA,NA
"26-2968","Mondelez Global LLC","Portland","100 NE Columbia Blvd, Portland, 97211-1416","Multnomah County",35688.67182385,7.3604406,24,76,2,31
"29-0007","Hampton Lumber Mills, Inc. dba Tillamook Lumber Company","Tillamook","3111 East 3rd Street, Tillamook, 97141","Tillamook County",31951.3710123,0.028413,25,242,NA,NA
"08-0003","Pacific Wood Laminates, Inc.","Brookings, Oregon","P.O. Box 820, Brookings, Oregon, 97415","Curry County",31355.5836993264,361.272475650232,26,10,NA,NA
"15-0012","Murphy Veneer","White City","7975 11th Street, White City, 97503","Jackson County",29521.0659000604,4.579541366592,27,105,NA,NA
"04-0041","Hampton Lumber Mills, Inc.","Warrenton","550 Skipanon Drive, Warrenton, 97146","Clatsop County",27702.0499,0,28,NA,NA,NA
"31-0006","Boise Cascade Wood Products, L.L.C., Elgin Complex","Elgin","90 South 21st Street, Elgin, 97827","Union County",27545.70882,0,29,NA,NA,NA
"24-5398","Covanta Marion, Inc.","Brooks","4850 Brooklake Rd. NE, Brooks, 97305","Marion County",26331.6261125668,33.56372737,30,36,NA,NA
"18-0014","Columbia Forest Products, Columbia Plywood Corporation","Klamath Falls","4949 S Highway 97, Klamath Falls, 97601","Klamath County",25813.207094,0,31,NA,NA,NA
"10-0030","Swanson Group Mfg. LLC Roseburg Stud Division","Roseburg Oregon","2635 Old Highway 99 South, Roseburg Oregon, 97470","Douglas County",25714.0062496,7.2591648,32,78,NA,NA
"15-0073","Roseburg Forest Products Medford MDF","Medford","2865 N. Pacific Hwy, Medford, 97501","Jackson County",25532.7156136975,1.6006648356,33,152,NA,NA
"22-2522","Plant # 3 Plywood Division","Mill City","47842 yons-Mill City Dr., Mill City, 97360","Linn County",24125.0460833595,312.979006554545,34,11,NA,NA
"22-6002","Freres Lumber Co. Inc. Lyons Facility","Lyons","141 14th St., Lyons, 97358","Linn County",23957.645104913,239.100707353909,35,13,NA,NA
"03-2777","Miles Fiberglass & Plastics Inc.  Building A","Oregon City","1516 Main St , Oregon City, 97045","Clackamas County",23949.87133665,0,36,NA,3,NA
"10-0022","Murphy Company - Engineered Wood Division","Sutherlin","412 West Central Avenue, Sutherlin, 97479","Douglas County",23158.7801014808,9.211723812,37,68,NA,NA
"15-0014","Murphy Plywood Softwood Division","Rogue River","5205 North River Road, Rogue River, 97537","Jackson County",22311.976611344,0.3360834944,38,204,NA,NA
"05-0014","Clatskanie Chip Plant","Clatskanie   ","76103 Highway 47, Clatskanie   , 97016","Columbia County",21871.6440943035,0,39,NA,NA,NA
"24-0070","Specialty Polymers, Inc.","Woodburn","2475 Progress Way, Woodburn, 97071","Marion County",20565.7865757,0.531198,40,186,NA,NA
"03-2533","Interfor US Inc. – Molalla Division","Molalla","15555 S. Highway 211, Molalla, 97038","Clackamas County",20267.4325624,12.492956,41,62,4,27
"34-2066","Stimson Lumber Company - Forest Grove Facility","Gaston","49800 SW Scoggins Valley Road, Gaston, 97119","Washington County",20052.8649132121,0,42,NA,5,NA
"24-8082","Ennis Flint, Inc.","Salem","1675 Commercial Street NE, Salem, 97301","Marion County",19815.0554245669,0,43,NA,NA,NA
"26-0088","Mutual Materials Company","Gresham ","2300 Se Hogan Road, Gresham , 97080","Multnomah County",19612.45466674,12.4320079,44,63,6,28
"03-1791","RSG Forest Products, Inc. ","Molalla, Oregon","28890 Highway 213, Molalla, Oregon, 97038","Clackamas County",18985.0245851939,8.617212,45,73,7,30
"10-0121","Hoover Treated Wood Products, Inc.","Winston","303 Dillard Gardens Road, Winston, 97496","Douglas County",18886.7714274503,3.5645320711,46,114,NA,NA
"34-2678","Viasystems Corporation (dba TTM Technologies, Inc.)","Forest Grove","1521 Poplar Lane, Forest Grove, 97116","Washington County",18426.6789828589,4.18400823252868,47,107,8,42
"26-0100","Columbia Boulevard WWTP","Portland","5001 N. Columbia Boulevard, Portland, 97203","Multnomah County",18283.937571446,3.52710612,48,117,9,47
"03-2778","Miles Fiberglass & Plastics Inc.","Happy Valley","8855 SE Otty Road, Happy Valley, 97086","Clackamas County",17939.764741757,0,49,NA,10,NA
"19-0002","Lakeview Sawmill","Lakeview","1600 Missouri Avenue, Lakeview, 97630","Lake County",17109.0173227988,1657.94995280225,50,4,NA,NA
"02-7082","Philomath Georgia-Pacific Wood Products, LLC","Philomath","24808 Alsea Highway, Philomath, 97370","Benton County",15366.6458130584,9.0989534988,51,69,NA,NA
"26-2043","CertainTeed Corporation","Portland","6350 NW Front Avenue, Portland, 97210","Multnomah County",15041.6991673346,12.6834447272,52,61,11,26
"22-3010","Weyerhaeuser Company - Foster Engineered Lumber Products","Sweet Home","6011 Highway 20 East, Sweet Home, 97386","Linn County",15005.011118966,0.18218124,53,221,NA,NA
"10-0045","Swanson Group Mfg. LLC Glendale Plywood/Veneer","Glendale , Oregon","303 Mehlwood lane, Glendale , Oregon, 97442","Douglas County",12824.945638652,2.659320426,54,127,NA,NA
"02-2298","Oregon State University","Corvallis","3015 SW Western Blvd, Corvallis, 97331","Benton County",12284.2966861812,14.533023500148,55,60,NA,NA
"11-0001","Columbia Ridge Landfill and Recycling Center","Arlington","18177 Cedar Springs Landfill and Recycling Center, Arlington, 97812","Gilliam County",12070.4599310226,0.297466244705882,56,208,NA,NA
"15-0030","City of Medford Vernon Thorpe RWRF","Central Point","1100 Kirtland Road, Central Point, 97502","Jackson County",11677.9965303034,0.219679932018,57,215,NA,NA
"23-0032","EP Minerals- Celatom Plant","Vale","2630 Graham Blvd., Vale, 97918","Malheur County",11644.5223424314,25.3875638834308,58,42,NA,NA
"24-0129","Steelhead Metal & Fab LLC","Salem","3958 Boone Rd SE, Salem, 97301","Marion County",11167.572482,11167.572482,59,1,NA,NA
"26-0026","Rodda Paint Co.","Portland","6123 N. Marine Drive, Portland, 97203","Multnomah County",11154.436709093,19.6698,60,50,12,24
"10-0033","Orenco Systems, Inc.","Sutherlin","814 Airway Ave., Sutherlin, 97479","Douglas County",10883.8883906283,0.4825205892,61,192,NA,NA
"34-0152","QuantumClean","Hillsboro","21421 NW Jacobson Road, Hillsboro, 97124","Washington County",10782.421618728,0,62,NA,13,NA
"05-1849","Cascades Tissue Group - Oregon","St. Helens","1300 Kaster Road, St. Helens, 97051","Columbia County",10605.666930231,17.470512,63,56,NA,NA
"03-0003","S.R. Smith, LLC","Canby","1017 SW Berg Parkway, Canby, 97013","Clackamas County",10108.073,1.9812,64,147,14,62
"33-0007","Wasco County Landfill","The Dalles","2550 Steele Rd, The Dalles, 97058","Wasco County",9575.64763700819,0.273801347332813,65,211,NA,NA
"18-0006","JELD-WEN, Inc. dba JELD-WEN","Klamath Falls","3303 Lakeport Blvd, Klamath Falls, 97601","Klamath County",9329.148721119,7.28115066,66,77,NA,NA
"34-2762","Bonita Packaging Products Inc. dba Bonita Pioneer","Portland","7333 SW Bonita Rd, Portland, 97224","Washington County",8993.55,0,67,NA,15,NA
"03-0041","McClure Industries","Portland","9051 SE 55th Avenue, Portland, 97206","Clackamas County",8846.2650814652,3.254536328,68,119,16,48
"31-0028","Hexion Inc.","Island City","62575 Oregon Hwy 82, Island City, 97850","Union County",8794.75111797672,1.190434392,69,160,NA,NA
"18-0005","Interfor US, Inc., Gilchrist Facility","Gilchrist","#1 Sawmill Road, Gilchrist, 97737","Klamath County",8746.896007038,0.16093332,70,222,NA,NA
"03-0011","Clackamas County Tri-City Water Pollution Control Plant","Oregon City","15941 S. Agnes Avenue, Oregon City, 97045","Clackamas County",8587.76524692168,81.3837920804476,71,26,17,13
"26-2026","Phillips 66 Portland Terminal","Portland","5528 NW Doane Avenue, Portland, 97210","Multnomah County",8017.05570034564,3.54331353339607,72,115,18,46
"26-1865","EVRAZ Portland - Rivergate","Portland","14400 N Rivergate Blvd, Portland, 97203","Multnomah County",7826.55289008,60.662124,73,28,19,15
"26-2028","Kinder Morgan Liquids Terminals, LLC","Portland","5880 NW St. Helens Road, Portland, 97210","Multnomah County",7666.38860522143,1.44152817,74,154,20,66
"36-5034","Cascade Steel Rolling Mills","McMinnville","3200 North Highway 99W, McMinnville, 97128","Yamhill County",7418.95231109989,3207.95500211299,75,3,NA,NA
"25-0038","Tidewater Terminal Company - Boardman Biofuels Dock","Boardman","71987 Lewis & Clark Dr, Boardman, 97818","Morrow County",7115.747,0,76,NA,NA,NA
"34-2681","Intel Corporation","Aloha Campus",", Aloha Campus, 3585 SW 198th Avenue","Washington County",7109.24601400132,48.7948559448,77,29,21,16
"10-0054","Emerald Forest Products Plant #4","Drain","649 Fir Street, Drain, 97435","Douglas County",7032.162512933,0,78,NA,NA,NA
"15-0046","Boise Cascade - White City Veneer","White City, OR","7890Agate Road, White City, OR, 97503","Jackson County",6843.76115794,5.7723516,79,90,NA,NA
"26-1869","Columbia Steel Casting Co., Inc.","Portland","10425 N. Bloss Avenue, Portland, 97283","Multnomah County",6628.10518555574,450.81411668,80,9,22,4
"36-0011","Riverbend Landfill","McMinnville","13469 SW Highway 18, McMinnville, 97128","Yamhill County",6503.50963924941,0.0355233441176471,81,237,NA,NA
"03-0010","Clackamas County Kellogg Creek Water Pollution Control Plant","Milwaukie","11525 SE McLoughlin Blvd., Milwaukie, 97222","Clackamas County",6432.32150270447,46.0628288891488,82,31,23,17
"33-0003","Amerities West LLC","The Dalles","100 Tie Plant Road, The Dalles, 97058","Wasco County",6417.92189434008,2.1602940072,83,140,NA,NA
"34-9510","Summit Natural Energy","Cornelius","535 N. 4th Ave., Cornelius, 97113","Washington County",6107.20042210638,1.02101092034695,84,168,24,74
"22-0547","TDY Industries, LLC dba ATI Specialty Alloys and Components","Albany","1600 Old Salem Rd NE, Albany, 97321","Linn County",5986.73254220681,19.50087616,85,51,NA,NA
"36-8010","Hampton Lumber Mills, Inc. dba Willamina Lumber Company","Willamina","1000 Willamina Creek Drive, Willamina, 97396","Yamhill County",5963.5712597984,0.314784,86,205,NA,NA
"30-0016","Boise Cascade Wood Products, L.L.C., Kinzua Lumber","Pilot Rock","600 NW Cedar St., Pilot Rock, 97868","Umatilla County",5851.23834532722,8.66620179105058,87,72,NA,NA
"26-3224","Vigor Industrial, LLC","Portland","5555 N. Channel Ave, Portland, 97217","Multnomah County",5782.89831186915,208.991979586682,88,15,25,6
"26-2944","Gunderson, LLC.","Portland","4350 NW Front Avenue, Portland, 97210","Multnomah County",5600.503235042,5424.899928242,89,2,26,1
"08-0008","South Coast Lumber Co.","P.O. Box 670","17345 Carpenterville Road, P.O. Box 670, Brookings, Oregon","Curry County",5083.45118,0,90,NA,NA,NA
"30-0028","Vadata,Inc","Umatilla","2400 Beach Access Road, Umatilla, 97882","Umatilla County",5080.82830282571,6.54540188574921,91,81,NA,NA
"03-2738","Consolidated Metco Inc.","Clackamas","10448 Highway 212, Clackamas, 97015","Clackamas County",5032.97498009228,112.412052348,92,21,27,9
"25-0006","Pacific Ethanol Columbia, LLC","Boardman","71335 Rail Loop Drive, Boardman, 97818","Morrow County",4966.47735742795,35.7738027786,93,35,NA,NA
"09-0084","Gas Transmission Northwest LLC, Compressor Station #12","Bend","U.S. 97, 19 miles south of Bend, Oregon, Bend, 97702","Deschutes County",4852.5036447658,0,94,NA,NA,NA
"26-2029","Shore Terminals LLC","Portland","9420 NW St. Helens Road, Portland, 97231","Multnomah County",4770.1516221023,0.018532435824,95,247,28,103
"07-0046","Prineville Data Center","Prineville","1600 SW Baldwin Rd., Prineville, 97754","Crook County",4733.9520048,6.0985368,96,85,NA,NA
"23-0003","KraftHeinz Food Company, Ontario, OR","Ontario","175 NE 6th Ave, Ontario, 97914","Malheur County",4732.57032652456,35.9204271984,97,34,NA,NA
"18-0072","Gas Transmission Northwest LLC, Compressor Station #14","Bonanza","Harpold Valley Road, 3 miles south of Bonanza, Bonanza, 97623","Klamath County",4411.4993649558,0,98,NA,NA,NA
"10-0031","Roseburg Landfill","Roseburg ","384 McLain West Avenue, Roseburg , 97470","Douglas County",4385.343968,0.02892,99,240,NA,NA
"28-0007","Gas Transmission Northwest LLC, Compressor Station #10","Grass Valley","Wilcox Rd., 18 miles south of Grass Valley, OR on Hwy 97, Grass Valley, 97029","Nevada County",4363.628000042,0,100,NA,NA,NA
"25-0032","Lamb Weston,Inc. - Boardman West Plant","Boardman","600 NE Columbia Ave., Boardman, 97818","Morrow County",4225.414163824,32.074673216,101,38,NA,NA
"25-0002","Oregon Potato Company","Boardman, OR","650 E. Columbia Ave, Boardman, OR, 97818","Morrow County",4116.688185038,31.24585332,102,39,NA,NA
"15-0029","Carestream Health, Inc.","White City","8124 Pacific Avenue, White City, 97503","Jackson County",4087.473659094,7.52783614,103,75,NA,NA
"09-0040","Knott Landfill","Bend","61050 SE 27th Street, Bend, 97702","Deschutes County",4072.1736738592,0.022242948,104,245,NA,NA
"26-2030","BP West Coast Products, LLC: Portland Terminal","Portland","9930 NW St. Helens Road, Portland, 97231","Multnomah County",4030.11749906922,0.400536793764706,105,200,29,86
"25-0007","Vadata,Inc","Boardman","73575 Lewis and Clark Drive, Boardman, 97818","Morrow County",3981.89355510287,5.12969382766348,106,99,NA,NA
"26-3240","Microchip Technology Inc.","Gresham","21015 SE Stark Street, Gresham, 97030","Multnomah County",3980.7680249536,5.9812193136,107,88,30,34
"36-8031","Boise Cascade - Willamina Veneer","Willamina, OR","34160 SW Valley Highway, Willamina, OR, 97396","Yamhill County",3920.84814624,0.1259136,108,224,NA,NA
"26-1876","Owens-Brockway Glass Container Inc.","Portland","9710 NE Glass Plant Rd., Portland, 97294-0067","Multnomah County",3820.5197791,850.3157606,109,7,31,2
"07-0037","Vitesse Data Center","Prineville","735 SW Connect Way, Prineville, 97754","Crook County",3796.8163392,4.8912672,110,102,NA,NA
"12-0032","Malheur Lumber Company","John Day, OR","60339 West Highway 26, John Day, OR, 97845","Grant County",3674.8954,0,111,NA,NA,NA
"09-0015","JELD-WEN, inc. dba JELD-WEN","Bend","62845 Boyd Acres Road, Bend, 97701","Deschutes County",3656.5023511956,0.386712144,112,202,NA,NA
"26-1815","Owens Corning Roofing & Asphalt, LLC","Portland","3750 NW Yeon Avenue, Portland, 97210","Multnomah County",3639.96704410062,187.0286636989,113,19,32,7
"30-0056","Blue Mountain Lumber","Pendleton","44112 Rieth Road, Pendleton, 97801","Umatilla County",3575.41315677799,289.520215268442,114,12,NA,NA
"02-2173","Hollingsworth & Vose Fiber Company","Corvallis","1551 SE Crystal Lake Drive (Plant 1); 1220 SE Crystal Lake Drive (Plant 2), Corvallis, 97339","Benton County",3481.49742692745,26.4247261502825,115,41,NA,NA
"01-0038","Baker Compressor Station","Baker City","7.5 Miles NW of Baker City to Chandler Lane, Baker City, 97814","Baker County",3381.73771599701,0.37498644,116,203,NA,NA
"30-0075","Lamb Weston,Inc. - Hermiston Plant","Hermiston","78153 Westland Road, Hermiston, 97838","Umatilla County",3337.4551102593,25.3321624441989,117,43,NA,NA
"25-0008","VAdata, Inc.","Boardman","79539 Rippee Rd, Boardman, 97818","Morrow County",3211.94571515875,4.13780476093473,118,108,NA,NA
"25-0027","Lamb Weston,Inc. - Boardman East Plant","Boardman","750 NE Columbia Ave., Boardman, 97818","Morrow County",3185.09266194784,24.1765783357795,119,44,NA,NA
"34-0157","T5 Datacenters","Hillsboro","3145 NE Brookwood Pkwy, Hillsboro, 97124","Washington County",3124.04016,4.02456,120,109,33,43
"03-2145","West Linn Paper Company","West Linn","4800 Mill Street, West Linn, 97068","Clackamas County",3087.70979947776,103.4653758308,121,22,34,10
"26-2050","Oregon Health and Sciences University","Portland","3181 SW Sam Jackson Park Road, Portland, 97201","Multnomah County",2878.26621310811,20.3200828293946,122,48,35,23
"03-0093","Dave's Killer Bread","Milwaukie","5209 SE International Way, Milwaukie, 97222","Clackamas County",2800.214954564,1.06318296,123,166,36,73
"34-0058","International Paper Co.","Hillsboro, OR","23950 NW Huffman Street, Hillsboro, OR, 97124","Washington County",2776.10188058824,0.431275911282546,124,197,37,84
"09-0036","Bend Research Inc., BRI-M1","Bend","20503 Builders Street, Bend, 97701","Deschutes County",2752.24148939162,4.6742653271232,125,104,NA,NA
"26-2952","United States Bakeries dba as Franz Bakery","Portland","340 NE 11th Avenue, Portland, 97232","Multnomah County",2676.24447125145,3.183576008,126,121,38,50
"26-0027","On Semiconductor","Gresham","23400 NE Glisan St., Gresham, 97030","Multnomah County",2459.24659569,5.8624218,127,89,39,35
"22-6024","ENTEK International LLC","Lebanon, OR","250 Hansard Ave, Lebanon, OR, 97355","Linn County",2454.1683349574,18.6272509283964,128,53,NA,NA
"22-6009","W. R. Grace","Albany","1290 Industrial Way, Albany, 97322","Linn County",2166.33309378734,0.56110248,129,183,NA,NA
"33-0022","Design, LLC","The Dalles","4200 Columbia Road, The Dalles, 97058","Wasco County",2162.57396844209,2.78616994032,130,124,NA,NA
"03-0065","Conveyco Mfg. Corp.","Clackamas, Oregon","15151 S.E. Minuteman Way, Clackamas, Oregon, 97015","Clackamas County",2128.7626984,0,131,NA,40,NA
"31-0011","Boise Cascade Wood Products, L.L.C., Mt. Emily Lumber","La Grande","1917 Jackson Avenue, La Grande, 97850","Union County",2086.0801834285,3.31827052001322,132,118,NA,NA
"03-2754","Safeway Clackamas Bread Plant","Clackamas Or","9450 SE Mangan Dr, Clackamas Or, 97015","Clackamas County",2026.85067904,1.8572256,133,148,41,63
"34-0016","AGC Electronics","Hillsboro","4375 NW 235th Ave, Hillsboro, 97124","Washington County",1917.805,0,134,NA,42,NA
"26-1885","Galvanizers Company","Portland","2406 NW 30th Avenue, Portland, 97210","Multnomah County",1859.618365764,674.24150096,135,8,43,3
"34-0009","International Paper","Beaverton","5570 SW Western Ave, Beaverton, 97005","Washington County",1816.52329993867,1.75597008,136,150,44,65
"34-2753","Rock Creek Advanced Wastewater Treatment Facility","Hillsboro","3235 SE River Road, Hillsboro, 97123","Washington County",1806.73561402336,1.786697921664,137,149,45,64
"34-0004","Hillsboro Landfill","Hillsboro ","3205 SE Minter Bridge Road, Hillsboro , 97123","Washington County",1802.01452947379,0.464114638552807,138,194,46,83
"36-0041","M&W Fiberglass, Inc.","Dundee","20929 NE Niederberger Road, Dundee, 97115","Yamhill County",1665.528,0,139,NA,NA,NA
"26-3002","Siltronic Corporation","Portland","7200 NW Front Ave, Portland, 97210","Multnomah County",1612.719172045,1.1178327,140,161,47,70
"30-0112","Meacham Compressor Station","Meacham Compressor Station","West Side of I-84, Meacham Compressor Station, 97470","character(0)",1565.385193322,0.21287268,141,216,NA,NA
"34-2804","Maxim Integrated ","Beaverton","14320 SW Jenkins Road, Beaverton, 97005","Washington County",1519.35502869788,2.60565719189971,142,129,48,54
"18-0089","JELD-WEN, Inc. dba JELD-WEN","Chiloquin","31725 Highway 97, Suite A, Chiloquin, 97624-9702","Klamath County",1346.9724476102,0,143,NA,NA,NA
"15-0020","Boise Cascade - Rogue Valley Plywood","White City, OR","1795 Antelope Road, White City, OR, 97503","Jackson County",1328.17393204,1.6604856,144,151,NA,NA
"26-2478","Shell Portland Terminal","Portland","3800 NW St. Helens Road, Portland, 97210","Multnomah County",1323.88557144351,0,145,NA,49,NA
"22-0328","Oregon Metallurgical, LLC dba ATI Albany Operations","Albany","530 34th Ave SW, Albany, 97322","Linn County",1203.72124619716,5.3512340764408,146,95,NA,NA
"25-0047","TMF Biofuels, LLC","Boardman","75906 Threemile Road, Boardman, 97818","Morrow County",1180.55704648526,3.83471634528,147,111,NA,NA
"26-2914","Port of Portland","Portland","7200 NE Airport Way, Portland, 97218","Multnomah County",1177.81951712462,5.281390934,148,97,50,38
"02-9502","Valley Landfills, Inc.","Corvallis","28972 Coffin Butte Road, Corvallis, 97330","Benton County",1128.00728122371,0.456916577306987,149,196,NA,NA
"26-2025","Arc Terminals Holdings, LLC","Portland","5501 NW Front Avenue, Portland, 97201","Multnomah County",1119.50482147285,2.2152924,150,137,51,58
"26-3310","Metropolitan Service District. Saint Johns Landfill","Portland","9687 N. Columbia Blvd., Portland, 97220","Multnomah County",1089.60052434308,0.00476651400577,151,249,52,104
"22-2525","Frank Lumber Co., Inc.","Lyons","47983 Lyons-Mill City Drive, Lyons, 97358","Linn County",1038.98576725453,38.00340024972,152,33,NA,NA
"26-3048","Oil Re-Refining Company","Portland","4150 N Suttle Road, Portland, 97217","Multnomah County",949.410202089,5.448,153,93,53,37
"34-2623","Durham Facility","Tigard","16580 SW 85th Avenue, Tigard, 97224","Washington County",945.0501835899,2.63137770864,154,128,54,53
"26-2204","The Boeing Company","Gresham","19000 NE Sandy Boulevard, Gresham, 97230","Multnomah County",902.717467366,6.85166724,155,79,55,32
"24-5155","Oregon State Penitentiary","Salem","2605 State Street, Salem, 97310","Marion County",892.218340186185,5.625327289128,156,91,NA,NA
"26-3135","Bullseye Glass Company","Portland","3722 SE 21st Avenue, Portland, 97202","Multnomah County",875.351604773489,6.05689319553375,157,86,56,33
"10-0210","Roseburg Landfill Gas to Energy Facility","Roseburg","384 McLain West Ave, Roseburg, 97471","Douglas County",844.807047775243,0.0880422326232,158,228,NA,NA
"09-0022","PCC Structurals, Inc., Schlosser","Redmond","345 NE Hemlock Ave., Redmond, 97756","Deschutes County",837.631299572361,2.21955561236124,159,136,NA,NA
"24-0060","Snyder's Lance Inc.","Salem","3125 Kettle Ct. SE, Salem, 97301","Marion County",828.739529852,6.29017128,160,82,NA,NA
"22-1034","Bear Mountain Forest Products, Inc.","Brownsville, OR","34363 Lake Creek Drive, Brownsville, OR, 97327","Linn County",817.334381812,6.20360568,161,84,NA,NA
"03-0098","PECO, Inc.","Clackamas","11241 SE Hwy 212, Clackamas, 97015","Clackamas County",798.235954244427,17.6590705437497,162,55,57,25
"18-0096","Gas Transmission Northwest LLC, Compressor Station #13","Chemult","¼ mile west of Diamond Lake Junction off US 97 & 138, Chemult, 97731","Klamath County",795.5785152582,0,163,NA,NA,NA
"34-2783","Bimbo Bakeries USA, Inc.","Beaverton","10750 SW 5th Street, Beaverton, 97005","Washington County",793.43151882356,2.6692030584,164,126,58,52
"18-0020","Industrial Oils, Inc.","Klamath Falls","1291 Laverne Ave., Klamath Falls, 97601","Klamath County",773.3243557076,17.905638,165,54,NA,NA
"25-0026","Gas Transmission Northwest LLC, Compressor Station #9","Ione","Four miles southwest of Ione, Oregon on Gooseberry Road, Ione, 97843","Morrow County",769.6066117886,0,166,NA,NA,NA
"05-2581","NW Natural - Miller Station","Mist","off private logging road, northwest of Mist, OR, Mist, not applicable","",764.02443738825,0,167,NA,NA,NA
"24-0148","Columbia Helicopters","Aurora","14452 Arndt rd, Aurora, 97002","Clackamas County",754.144436,22.4468489,168,45,59,21
"34-0067","CoorsTek Oregon Operations","Hillsboro","555 NE 53rd Ave, Hillsboro, 97124","Washington County",742.4190566,0.511524,169,189,60,81
"24-7067","NORPAC Foods, Inc. Stayton Plant #1","Stayton","930 W Washington Street, Stayton, 97383","Marion County",684.489819686196,5.19530932235294,170,98,NA,NA
"36-7004","McFarland Cascade Holdings Inc.","Sheridan","22125 SW Rock Creek Road, Sheridan, 97378","Yamhill County",676.28453120802,2.4042060828,171,134,NA,NA
"27-0012","Meduri Farms, Inc.","Dallas","12375 Smithfield Road, Dallas, 97338","Polk County",675.5969045449,5.127811686,172,100,NA,NA
"26-3067","Owens Corning Roofing and Asphalt, LLC","Portland","11910 NW St. Helens Road, Portland, 97231","Multnomah County",667.745496951,5.06821914,173,101,61,39
"26-2068","ESCO Corporation","Portland","2211 NW Brewer St., Portland, 97210","Multnomah County",627.469029082875,66.2996848435634,174,27,62,14
"26-1894","Herbert Malarkey Roofing Company","Portland, OR","3131 N. Columbia Blvd., Portland, OR, 97217","Multnomah County",589.753486362413,4.47197663739769,175,106,63,41
"26-3267","U.S. Bancorp Columbia Center","Portland","17650 NE Sandy Boulevard, Portland, 97230","Multnomah County",540.19825859209,0.695913046008789,176,180,64,79
"34-9514","Agilyx Corporation","Tigard","7904 Hunziker Street, Tigard, 97223","Washington County",539.952219294118,3.98868057859209,177,110,65,44
"26-2197","Daimler Trucks North America LLC","Portland","6936 N Fathom Street, Portland, 97217","Multnomah County",507.769470566595,3.6977622928577,178,113,66,45
"03-2634","Johnson Controls Battery Group, Inc.","Canby","800 NW 3rd Avenue, Canby, 97013","Clackamas County",507.117648383207,27.710956823027,179,40,67,20
"15-0222","Boise Cascade - Engineered Wood Products","White City, OR","1155 Antelope Road, White City, OR, 97503","Jackson County",482.7723024,0,180,NA,NA,NA
"21-0042","NW Natural - Newport LNG","Newport","1554 Yaquina Bay Road, Newport, 97365","Lincoln County",434.44567488119,0.22389012,181,214,NA,NA
"03-2624","Blount, Inc.","Milwaukie","4909 SE International Way, Milwaukie, 97222","Clackamas County",421.217534278578,3.19706052542793,182,120,68,49
"18-0097","173d Fighter Wing Oregon Air National Guard","Klamath Falls","221 Wagner Street, Suite 16, Klamath Falls, 97603","Klamath County",396.01,0.3,183,207,NA,NA
"22-8045","OFD Foods, LLC - Plant 2 & 3","Albany, Oregon","525 25th Ave SW, Albany, Oregon, 97322","Linn County",388.83214431278,2.9520436692,184,122,NA,NA
"26-3228","Gresham Wastewater Treatment Plant","Gresham   ","20015 NE Sandy Blvd, Gresham   , 97230","Multnomah County",385.394048555231,1.0742715084,185,164,69,71
"22-0011","Pacific Cast Technologies, Inc. dba ATI Cast Products","Albany","150 Queen Ave SW, Albany, 97322","Linn County",380.1900754788,5.3507019588,186,96,NA,NA
"22-8056","EnerG2 Technologies, Inc.","Albany","3000 Calapooia Street SW, Albany, 97322","Linn County",373.2846755644,2.788723416,187,123,NA,NA
"34-2813","Jireh Semiconductor Inc.","Hillsboro","3131 NE Brookwood Pkwy, Hillsboro, 97124","Washington County",362.698424982,2.55188772,188,130,70,55
"26-3291","The Boeing Company","Portland","4635 NE Cornfoot Road, Portland, 97218","Multnomah County",353.9941234648,2.130910872,189,141,71,60
"34-0010","SolarWorld Americas, Inc.","Hillsboro","25300 NW Evergreen Rd., Hillsboro, 97124","Washington County",353.730085002,0.310604208,190,206,72,87
"26-2390","Supreme Perlite Company","Portland","4600 North Suttle Road, Portland, 97239","Multnomah County",352.94111916674,2.6788393836,191,125,73,51
"34-2638","Tektronix, Inc.","Beaverton","14150 SW Karl Braun Drive, Beaverton, Oregon","Washington County",344.870414718337,2.125621661988,192,142,74,61
"22-8050","Stahlbush Island Farms, Inc.","Corvallis, OR","3122 Stahlbush Island Rd., Corvallis, OR, 97333","Linn County",343.547478481439,2.05543214742527,193,143,NA,NA
"29-0003","Farm Power Tillamook","Tillamook","2200 McCormick Loop Rd, Tillamook, 97141","Tillamook County",333.740091608,0.599465328,194,182,NA,NA
"22-8042","Albany Compressor Station","Albany","34939 Spicer Drive SE, Albany, 97321","Linn County",320.88508268366,0.0740156572,195,230,NA,NA
"26-3241","Sapa Extrusions","Portland","5325 NE Skyport Way, Portland, 97218","Multnomah County",319.366335780859,2.41772343148818,196,132,75,56
"26-2777","Graphic Packaging International, Inc.","Portland, OR","3400 North Marine Drive, Portland, OR, 97217","Multnomah County",317.27048184,2.4080976,197,133,76,57
"26-0076","FLINT GROUP NORTH AMERICA","PORTLAND","2985 N MARINE DR, PORTLAND, 97217-7745","Multnomah County",302.63928356168,0.0004879152,198,253,77,106
"26-3051","International Paper- Portland Container","Portland","1601 NE 192nd ave, Portland, 97230","Multnomah County",290.632807247059,2.20591642044359,199,138,78,59
"15-0022","Plycem USA, LLC","White City","1200 Ave G, White City, 97503","Jackson County",289.7659305099,2.199336786,200,139,NA,NA
"26-3272","Oldcastle APG West, Inc. dba Sakrete of the Pacific Northwest","Portland","1402 North River St., Portland, 97227","Multnomah County",279.364019135944,1.37435606188076,201,155,79,67
"03-0016","Wolf Steel Foundry Inc.","Hubbard Oregon","6160 South Whiskey Hill Road, Hubbard Oregon, 97032","Clackamas County",266.7606808518,225.840730824,202,14,80,5
"25-0036","Columbia River Processing, Inc.","Boardman","79588 Rippee Road, Boardman, 97818","Morrow County",264.495751364,2.00753496,203,144,NA,NA
"24-8061","Boise Packaging & Newsprint, L.L.C. (subsidiary of Packaging Corporation of America)","Salem","2121 Madrona Avenue SE, Salem, 97302","Marion County",263.054918275474,1.99659897036,204,146,NA,NA
"29-0008","Farm Power Misty Meadow","Tillamook","23 Evergreen Dr, Tillamook, 97141","Tillamook County",244.186590992,0.772210272,205,176,NA,NA
"26-2492","Northwest Pipe Company","Portland","12005 N Burgard, Portland, 97203","Multnomah County",221.833970628,97.06783992,206,24,81,12
"29-0004","Tillamook County Creamery Association","Tillamook","4185 Highway 101 N, Tillamook, 97141","Tillamook County",211.646374,0.3999632,207,201,NA,NA
"26-2557","Blasen & Blasen Lumber Corp.","Portland","2155 N Columbia Blvd., Portland, 97217","Multnomah County",186.5556,0,208,NA,82,NA
"34-0063","Lam Research","Tualatin","11155 SW Leveton Drive, Tualatin, 97062","Washington County",179.65748423322,1.2648947182072,209,158,83,69
"25-0039","Calbee North America","Boardman, OR","72600 Lewis & Clark Dr., Boardman, OR, 97818","Morrow County",173.772982864,1.31894496,210,156,NA,NA
"34-0005","Valmont Industries, Inc.","Tualatin","9700 SW Herman Road, Tualatin, 97062","Washington County",172.062210658,1.30596012,211,157,84,68
"30-9503","Pioneer Hi-Bred International","Hermiston, Or","2212 SE 9th street, Hermiston, Or, 97838","Umatilla County",161.289438366166,1.22419428111432,212,159,NA,NA
"16-0026","Gas Transmission Northwest LLC, Compressor Station #11","Madras","Oregon Hwy. 26, 12 miles south of Madras, Oregon, Madras, 97741","character(0)",157.8825047574,0,213,NA,NA,NA
"03-0050","Xerox","Wilsonville","26600 SW Parkway Avenue, Suite #200, Wilsonville, 97070","Clackamas County",148.62487392,0.19146672,214,219,85,91
"21-0064","Trident Seafoods Newport Fishmeal Plant","Newport","1310 SE Bay Blvd, Newport, 97365","Lincoln County",148.39816668,0.4879152,215,191,NA,NA
"27-8034","Forest River, Inc.","Independence","900 Walnut Street, Independence, 97351-2143","Polk County",145.1564296,1.101744,216,162,NA,NA
"26-0018","East Side Plating - Plant #5","Portland","1300 SE 2nd Ave., Portland, 97214-3301","Multnomah County",144.2583,144.2583,217,20,86,8
"27-0004","Forest River, Inc.","Dallas","1429 and 1430 SE Uglow Avenue, Dallas, 97338","Polk County",143.123426384314,1.08631341176471,218,163,NA,NA
"09-9508","Suterra LLC","Bend, OR","20950 Talus Place, Bend, OR, 97701","Deschutes County",141.0268736253,1.042241742,219,167,NA,NA
"03-2505","Orchid Othropedic Solutions","Oregon City","13963 Fir street , Oregon City, 97045","Clackamas County",140.646211966,1.06751124,220,165,87,72
"07-0001","Contact Industries, LLC","Prineville, OR","1155 N. Main     PO Box 309, Prineville, OR, 97754","Crook County",138.2722650106,0.530529084,221,187,NA,NA
"24-8062","Foster Farms, LLC  -  Donald Feedmill","Aurora","11671 Ehlen Road, Aurora, 97002","Marion County",130.588945058,0.99117612,222,169,NA,NA
"34-2790","Tokyo Ohka Kogyo America, Inc.","Hillsboro","4600 NE Brookwood Parkway, Hillsboro, 97124","Washington County",130.222088102977,0.98839165878,223,170,88,75
"04-0006","BioOregon Protein, Inc.","Warrenton","1935 NW Warrenton Drive, Warrenton, 97146","Clatsop County",125.45662844,0.9522216,224,171,NA,NA
"22-0042","Isovolta Inc.","Harrisburg","495 Territorial Street, Harrisburg, 97446","Linn County",122.14187768692,0.9270624888,225,172,NA,NA
"22-8041","Selmet Inc.","Albany","33992 SE Seven Mile Ln., Albany, 97322","Linn County",112.224775847937,2.42182881229525,226,131,NA,NA
"26-2572","Container Management Services, LLC","Portland","3000 NW St. Helens Road, Portland, 97210","Multnomah County",105.49761937,0.8007318,227,175,89,77
"26-3254","Oregon Air National Guard","Portland","6801 NE Cornfoot Road, Portland, 97218","Multnomah County",103.34600039922,0.124782550256,228,225,90,93
"24-9201","McMinnville Compressor Station","Silverton","6302 Torvend Road NE, Silverton, 97381","Marion County",101.691640436628,0.0019792044,229,250,NA,NA
"26-0171","East Side Plating - Plant #4","Portland","310 SE Stephens St, Portland, 97214","Multnomah County",99.473487399586,98.691727107124,230,23,91,11
"15-0104","Allweather Wood LLC","White City ","7893 Pacific Avenue , White City , 97503","Jackson County",97.8819014267176,0.861749790064,231,173,NA,NA
"07-0022","Les Schwab Production Center","Prineville","717 NW Madras Highway, Prineville, 97754","Crook County",97.4184645908628,0.739410642352941,232,178,NA,NA
"05-0023","Columbia Pacific Bio-Refinery","Clatskanie","81200 Kallunki Road, Clatskanie, 97016","Columbia County",95.3028760136454,0,233,NA,NA,NA
"18-0022","Electro Scientific Industries ","Klamath Falls ","4700 ESI Way , Klamath Falls , 97601","Klamath County",94.403520822,0.71652708,234,179,NA,NA
"36-9504","City of Newberg WWTP","Newberg","2301 NE Wynooski Rd, Newberg, 97132","Yamhill County",87.83976,0.11316,235,227,NA,NA
"05-2042","Dyno Nobel Inc.","Deer Island","63149 Columbia River Highway, Deer Island, 97054","Columbia County",87.83,0,236,NA,NA,NA
"36-0026","Lippert Components, Inc. Plant 107","McMinnville","150 SE Booth Bend Road, McMinnville, 97128","Yamhill County",82.016,82.016,237,25,NA,NA
"27-0005","Elkay Wood Products Company","Independence","625 Hoffman Road, Independence, 97351-9805","Polk County",70.50455152,0.5351328,238,185,NA,NA
"03-2729","Oregon City Compressor Station","Oregon City    ","13124 Springwater Road South, Oregon City    , 97045","Clackamas County",67.057040308,0.02321532,239,244,92,101
"03-2719","Georgia-Pacific Gypsum, LLC","Canby","505 NE 3rd Avenue, Canby, 97103","Clackamas County",66.6319853446,0.505739844,240,190,93,82
"03-2631","Eagle Foundry Co.","Eagle Creek","23123 SE Eagle Creek Road, PO Box 250, Eagle Creek, 97022","Clackamas County",66.577964685,0.745367185,241,177,94,78
"22-8043","Forest River, Inc.","Harrisburg","30725 Diamond Hill Road, Harrisburg, 97446","Linn County",63.5313504901961,0.482205882352941,242,193,NA,NA
"01-0029","Ash Grove Cement Company - Durkee","Durkee","33060 Shirttail Creek Road, Durkee, 97905","Baker County",48.1409170974301,48.1409170974301,243,30,NA,NA
"24-9213","Panasonic Eco Solutions Solar America, LLC","Salem","5475 Gaffin Rd. SE, Salem, 97317","Marion County",42.23755764,0.05441274,244,234,NA,NA
"10-0152","Winchester Compressor Station","Winchester   ","1137 Brozio Road, Winchester   , 97495","Douglas County",41.96102574327,0.033450593,245,238,NA,NA
"26-3036","East Side Plating - Plant #1,2,3","Portland","8400 SE 26th Pl., Portland, 97202","Multnomah County",41.25653995575,41.2068949651,246,32,95,18
"34-0149","Avery Regional Service Center","Tualatin","10800 SW Avery St, Tualatin, 97062-8585","Washington County",37.561942624,0.553904284,247,184,96,80
"26-1889","J.R. Simplot Company, Rivergate Terminal","Portland","14003 N Rivergate Blvd, Portland, 97203","Multnomah County",37.466582040328,0.282576650630456,248,210,97,88
"14-0003","Bear Mountain Forest Products, Inc.","Cascade Locks, OR","5 NW Cramblett Way, Cascade Locks, OR, 97014","Hood River County",36.56632,0,249,NA,NA,NA
"26-9550","Portland Service Center","Portland","3700 SE 17th Ave, Portland, 97202-3833","Multnomah County",35.2819471488,0.0454521408,250,236,98,99
"26-3230","Lacamas Laboratories","Portland","3625 N Suttle Rd, Portland, 97217","Multnomah County",34.5368619284,0.262136376,251,212,99,89
"03-0037","J and D Fertilizers, Ltd.","Canby","9205 S Kraxberger Rd., Canby, 97013","Clackamas County",33.6970283,0.255762,252,213,100,90
"26-3311","Supreme Group","Portland","4600 NE 138th Avenue, Portland, 97230","Multnomah County",32.508,32.508,253,37,101,19
"03-0052","Pesznecker Brothers Inc.","Clackamas","15500 SE 102nd Ave , Clackamas, 97015","Clackamas County",28.48216111558,4.6832330132,254,103,102,40
"26-2832","Portland State University","Portland  ","1900 SW Fourth Avenue, Portland  , 97207","Multnomah County",22.784738,0.146596,255,223,103,92
"03-0061","Sunstone Circuits, LLC","Mulino","13626 S Freeman Rd., Mulino, 97042","Clackamas County",22.42132998,22.42132998,256,46,104,22
"22-0010","Wastequip Manufacturing Company LLC Dba Wastequip Oregon ","Albany","33710 Oakville Road, Albany, 97321","Linn County",20.062614,20.062614,257,49,NA,NA
"26-0157","EZFlow, LP - Portland Division","Portland","3004 North Wygant Street, Portland, 97217","Multnomah County",19.698174673,0.05961222,258,232,105,96
"30-0011","Lippert Components, Inc. Plant 27","Pendleton","3700 NW Westgate, Pendleton, 97801","Umatilla County",18.74272,18.74272,259,52,NA,NA
"26-0243","East County Courts","Portland","18480 SE Stark Street, Portland, 97223","Multnomah County",18.491033304,0.023821164,260,243,106,100
"26-3038","Cascade Corporation","Fairview","2201 NE 201st, Fairview, 97024","Multnomah County",16.6389477328506,0.0529205971412526,261,235,107,98
"24-0010","Fleetwood Homes - Woodburn","Woodburn","2655 Progress Way, Woodburn, 97071","Marion County",15.6077165,15.6077165,262,58,NA,NA
"36-0040","Meggitt Polymers & Composites","McMinnville","2010 Lafayette Avenue, McMinnville, 97128","Yamhill County",15.0622436873126,0.114323124747307,263,226,NA,NA
"22-0005","Clayton Albany","Albany","2445 Pacific Blvd., SW, Albany, 97321","Linn County",14.5522431,14.5522431,264,59,NA,NA
"03-9507","Molalla Gate Station","Molalla, OR","10405 S. Barnards Road, Molalla, OR, 97038","Clackamas County",13.8924009958548,0,265,NA,108,NA
"24-0114","M-B COMPANIES, INC.","Salem","2490 Ewald Ave. SE, Salem, 97302","Marion County",12.0204507901754,0.52094693111299,266,188,NA,NA
"36-0032","Harris Thermal Transfer Products Inc.","Newberg","615 S. Springbrook Rd., Newberg, 97132","Yamhill County",11.5914028,11.5914028,267,66,NA,NA
"26-9554","Signature Graphics, Inc.","Portland","15040 NE Mason St., Portland, 97230","Multnomah County",8.5604086218066,0.064973896524,268,231,109,95
"30-0008","Clayton Hermiston","Hermiston","400 West Elm Avenue, Hermiston, 97838","Umatilla County",8.4464892,8.4464892,269,74,NA,NA
"34-0056","Finishing First Inc.","Tigard","12970 SW Hall Boulevard, Tigard, 97223","Washington County",7.465187808,0.05666112,270,233,110,97
"22-0006","Palm Harbor Homes - Millersburg","Millersburg","3737 Palm Harbor Drive, Millersburg, 97321","Linn County",6.6818154,6.6818154,271,80,NA,NA
"30-0113","Hermiston Generating Plant L.P.","Hermiston","78145 Westland Road, Hermiston, 97838","Umatilla County",5.58480449271018,0.00719465167476646,272,248,NA,NA
"26-3317","Silver Eagle Manufacturing Company","Portland","5825 NE Skyport Way , Portland, 97220","Multnomah County",5.4912,5.4912,273,92,111,36
"15-0218","CDS Publications, Inc.","Medford","2603 South Pacific Highway, Medford, 97501","Jackson County",3.9684731021,0.030120894,274,239,NA,NA
"10-0008","Oregon Door Company","Dillard, OR","477 Dillard Gardens Road , Dillard, OR, 97432","Douglas County",3.7533305368,0.028487952,275,241,NA,NA
"34-0017","Dynic USA Corporation","Hillsboro","4750 NE Dawson Creek Drive , Hillsboro, 97124","Washington County",2.6828485259238,0.020362944132,276,246,112,102
"36-0001","Skyline Corporation","McMinnville","550 Booth Bend Rd., McMinnville, 97128","Yamhill County",2.29504,2.29504,277,135,NA,NA
"07-0013","Biosphere Carbon Group, LLC","Prineville","3920 NW Lamonta Road, Prineville, 97754","Crook County",1.1497539312,0.0009944448,278,251,NA,NA
"06-0028","Allweather Wood ","North Bend ","69015 Hauser Depot Rd, North Bend , 97459","Coos County",0.840521,0.457897,279,195,NA,NA
"26-0143","Pierce Pacific Manufacturing Inc.","Portland","4424 NE 158th Avenue, Portland, 97230","Multnomah County",0.8208936,0.8208936,280,174,113,76
"24-0125","The Trading Company","Woodburn","2785 N. Front St., Woodburn, 97071","Marion County",0.644,0.644,281,181,NA,NA
"03-9517","AB Mauri Baking Solutions","Wilsonville","26994 SW 95th Avenue, Wilsonville, 97070","Clackamas County",0.63042,0,282,NA,114,NA
"34-0107","Pioneer metal Finishing, LLC.","Tualatin","19005 SW 125th Ct., Tualatin, 97062-7380","Washington County",0.431244345,0.431209605,283,198,115,85
"24-0104","Western Industrial Fabricator & Machinist","St. Paul","23019 Main St NE, St. Paul, 97317","Marion County",0.40788,0.40788,284,199,NA,NA
"24-0111","Boman Industries Inc.","Salem","2470 Ewald Ave. SE, Salem, 97302","Marion County",0.296604,0.296604,285,209,NA,NA
"37-0004","Gas Transmission Northwest LLC, Stanfield Meter Station","Stanfield","0.8 miles east of Stanfield Loop Road on Guthrey Lane, Stanfield, 97875","Umatilla County",0.21233585,0,286,NA,NA,NA
"26-0273","Apex Anodizing","Portland","7015 NE Columbia Blvd, Portland, 97218-3344","Multnomah County",0.0856518,0.0856518,287,229,116,94
"11-0006","InEnTec Columbia Ridge LLC","Arlington, OR","17661 Cedar Springs Lane, Arlington, OR, 97812","Gilliam County",0.08404627392,0,288,NA,NA,NA
"22-0044","CG Industries","Albany","1282 Commercial Way SE, Albany, 97322","Linn County",0.0551676,0.0001236,289,254,NA,NA
"05-0011","Alden Bailey / Loki","Clatskanie, OR","92328 Taylorville Rd., Clatskanie, OR, 97016","Clatsop County",0.00450374050144648,0,290,NA,NA,NA
"03-9511","Universal Recycling Technologies, LLC","Clackamas","10151 SE Jennifer Street, Clackamas, 97015","Clackamas County",0.0005704862968,0.0005704862968,291,252,117,105
